model,kaggle_kernel,version,accelerator,status,public_lb,local_proxy,hypothesis,notes,updated_at
model1,yodharinmonplub/biohub-model1-public-0-934-control,1,NvidiaTeslaP100,infrastructure_error,,,frozen public 0.934 control,PyTorch image lacks sm_60 kernels; inference never started,2026-09-03T05:29:00+07:00
model1,yodharinmonplub/biohub-model1-public-0-934-control,2,NvidiaTeslaT4,submitted_pending,,0.895679 official visible-4,frozen public 0.934 control,Run complete; exact reference hash; two-44b6 official mean 0.934412; submission ref 55969775 pending,2026-09-03T07:10:00+07:00
model1,yodharinmonplub/biohub-model1-public-0-934-control,2,NvidiaTeslaT4,scored,0.934,0.895679 official visible-4,frozen public 0.934 control,User supplied Kaggle Submissions screenshot confirming successful public score 0.934,2026-09-04T00:00:00+07:00
model2,yodharinmonplub/biohub-model2-detector-recall-probe,1,NvidiaTeslaT4,rejected_official_gate,,0.895576 official visible-4,detector threshold 0.9650 to 0.9625,Official delta -0.000103 and two-44b6 delta -0.000309; do not submit,2026-09-03T07:10:00+07:00
model6,yodharinmonplub/biohub-model6-synthetic-detector-head-training,1,NvidiaTeslaT4,training_complete,,0.834991 synthetic top-count recall,dense synthetic fine-tune of 33-parameter secondary detection head,Frozen baseline 0.823387; fixed-threshold recall regressed so blend calibration is required; exactly two tensor storages changed,2026-09-03T06:25:00+07:00
model6,yodharinmonplub/biohub-model6-synthetic-detector-head-training,2,NvidiaTeslaT4,calibration_complete,,0.829197 synthetic top-count recall,alpha-50 detector blend at threshold 0.950,Count ratio 0.889427 vs production base 0.889582; precision and recall both slightly higher; real-domain gate pending,2026-09-03T06:35:00+07:00
model7,yodharinmonplub/biohub-model7-focus3d-real-teacher,1,NvidiaTeslaT4,running,,,confidence and temporal-persistence extraction from FOCUS-3D on four real movies,Offline teacher only; compare sparse recall and estimated-count ratios before distillation,2026-09-03T06:36:00+07:00
model8,yodharinmonplub/biohub-model8-synthetic-head-alpha50,1,NvidiaTeslaT4,input_resolution_error,,0.829197 synthetic top-count recall,model6 alpha-50 secondary head plus count-matched threshold 0.950,Failed before inference at 61s because first-existing DeepCenter resolution selected the wrong checksum; v2 fix prepared,2026-09-03T07:03:00+07:00
model9,yodharinmonplub/biohub-model9-public-0-948-audited-reproduction,1,NvidiaTeslaT4,running_rejected_official_gate,,0.895225 official visible-4,exact public claimed-0.948 post-processing reproduction,Two-44b6 score 0.925396 vs model1 0.934412; finish provenance run but do not submit,2026-09-03T07:10:00+07:00
model10,local-real-division-geometry,1,CPU,running_analysis,,,cross-embryo geometry calibration on all 151 real divisions,Non-submission audit; promotion requires predicted-graph official scoring,2026-09-03T07:18:00+07:00
model11,local-ranked-division-repair,1,CPU,prepared,,0.953339 real-candidate AUC,model5 ranker threshold 0.82 behind graph constraints,Offline graph ablation; score before notebook integration,2026-09-03T07:25:00+07:00
model8,yodharinmonplub/biohub-model8-synthetic-head-alpha50,2,NvidiaTeslaT4,rejected_official_gate,,0.897885 official visible-4,alpha-50 secondary detector head at threshold 0.950,Integrity and strict validity pass; delta +0.002206 vs model1 but -0.035371 vs primary-only; do not submit,2026-09-03T09:24:46+07:00
model9,yodharinmonplub/biohub-model9-public-0-948-audited-reproduction,1,NvidiaTeslaT4,reproduced_rejected,,0.895225 official visible-4,exact public claimed-0.948 reproduction,Output SHA f9d42e27 exactly matches public artifact; strict valid; do not submit,2026-09-03T09:24:46+07:00
model10,local-real-division-geometry,1,CPU,analysis_complete,,0.953339 candidate AUC,cross-embryo geometry calibration on 151 real divisions,High ranking AUC but production candidate topology/calibration inadequate,2026-09-03T09:24:46+07:00
model11,local-ranked-division-repair,1,CPU,rejected_noop,,0.895679 official visible-4,model5 ranker threshold 0.82 behind graph constraints,Added zero edges; exact baseline output,2026-09-03T09:24:46+07:00
model12,local-secondary-only,1,NvidiaRTX4050,rejected_official_gate,,0.907424 official visible-4,exact secondary checkpoint with native TTA and ILP,Better than model1 but below primary-only,2026-09-03T09:24:46+07:00
model13,local-domain-router,1,NvidiaRTX4050,superseded,,0.913911 official visible-4,whole-movie primary-secondary routing,Valid gain over model1 but superseded by global primary,2026-09-03T09:24:46+07:00
model14,local-primary-only,1,NvidiaRTX4050,promoted,,0.933257 official visible-4,exact primary checkpoint with native TTA and ILP,Strict valid; beats model1 on all four visible movies,2026-09-03T09:24:46+07:00
model15,yodharinmonplub/biohub-model15-primary-only-production,local,NvidiaTeslaT4,upload_consent_pending,,0.933257 expected visible regression,minimal primary-only code submission,Notebook SHA f0185cb2; deterministic build metadata and AST gates pass; external upload not performed,2026-09-03T09:24:46+07:00
model16,local-primary-threshold-sweep,1,NvidiaRTX4050,rejected_global_change,,0.933257 official visible-4,detector thresholds 0.950 through 0.980,Seven strict-valid variants; 0.965 exact control remains best globally,2026-09-03T09:24:46+07:00
model17,local-primary-ilp-division-sweep,1,CPU,rejected_topology,,0.933257 official visible-4,division costs 1.20 through 0.85,Up to 16 structural forks but zero TP; raw candidates do not span both daughter lineages,2026-09-03T09:24:46+07:00
model18,local-density-adaptive-threshold,1,NvidiaRTX4050,provisional_gain,,0.933790 official visible-4,threshold 0.980 below 50000 estimated nodes else 0.965,Strict valid; gain is node-count adjustment only,2026-09-03T09:24:46+07:00
model19,local-primary-geometry-division,1,CPU,rejected_official_gate,,0.931985 official visible-4,frozen geometry ranker at threshold 0.50,94 added forks zero TP two division FP and three edge FP,2026-09-03T09:24:46+07:00
model20,local-motion-cost-coarse,1,CPU,promoted,,0.939312 official visible-4,edge cost negative probability plus 0.120 times isotropic-grid distance,Dense TP-FP-FN improves 1115-66-68 to 1119-60-64; all movies improve,2026-09-03T09:24:46+07:00
model21,local-motion-cost-fine,1,CPU,rejected_broad_gate,,0.939761 official visible-4,edge distance weight 0.150,Visible champion but model22 broad score regresses by 0.001424,2026-09-03T10:12:32+07:00
model22,local-stratified-motion-validation,1,NvidiaRTX4050,complete_reject_motion,,0.892251 official 20-movie control,20 additional movies across embryo family and node-density quantiles,Lambda 0.120 scores 0.891489 and 0.150 scores 0.890827; family router fails leave-one-out,2026-09-03T10:12:32+07:00
model23,local-motion-production-ablation,1,NvidiaTeslaT4,rejected_before_upload,,0.892251 selected broad control,source-guarded edge-distance notebook,Model22 selects lambda zero; model15 remains simpler production candidate; no upload,2026-09-03T10:12:32+07:00
model24,local-topk-alternative-association,1,NvidiaRTX4050,prepared,,,retain top five parent candidates per target,Broad export queued behind an existing GPU training process,2026-09-03T10:12:32+07:00
model25,local-ilp-boundary-cost-sweep,1,CPU,rejected_broad_gate,,0.892216 best nonzero broad score,calibrate appearance and disappearance costs,Appearance 0.125 improves 18 of 20 movies but loses weighted score by 0.000035,2026-09-03T10:48:21+07:00
model26,local-short-track-pruning,1,CPU,rejected_official_gate,,0.890497 best nontrivial broad score,remove whole short components,No components length 1-3; length 4 and 5 pruning loses useful edges,2026-09-03T10:48:21+07:00
model27,local-selected-edge-confidence,1,CPU,rejected_official_gate,,0.881114 best nontrivial broad score,remove selected edges below probability thresholds,Probability-only threshold 0.55 already loses 0.011136; higher thresholds collapse further,2026-09-03T10:48:21+07:00
model28,local-confidence-trajectory-filter,1,CPU,rejected_broad_gate,,0.891848 leave-one-movie-out score,combine edge confidence with displacement or acceleration,All 126 nontrivial rules lose globally; leave-one-movie-out delta -0.000403,2026-09-03T10:58:43+07:00
model29,local-spatial-parent-oracle,1,CPU,complete_oracle,,0.959824 top2-r7 oracle not a score,recover alternate parents with spatial top-k candidates,Top-2 radius-7 exposes 372 additional true edges; selection still required,2026-09-03T11:03:59+07:00
model30,local-internal-gap-closing,1,CPU,promoted_to_model31,,0.897103 official 20-movie score,close internal unlinked tracklets with stable geometry rule,Gain +0.004853; 111 TP and 43 FP added; LOMO selects same rule 20/20,2026-09-03T11:16:06+07:00
model31,yodharinmonplub/biohub-model31-primary-gap-close,1,NvidiaTeslaT4,ready_local,,0.933944 visible regression,primary model plus broadly validated internal gap closing,Deterministic build and exact 20-movie notebook parity pass; upload requires consent,2026-09-03T11:16:06+07:00
model32,local-gap-tracklet-length-filter,1,CPU,rejected_broad_gate,,0.897103 unchanged control,filter gap additions by tracklet arm lengths,All 200 stricter variants tie or lose; unchanged rule selected 20/20 LOMO,2026-09-03T11:23:02+07:00
model33,local-motion-aware-endpoint-matching,1,CPU,rejected_broad_gate,,0.896784 leave-one-movie-out score,assign top-k unlinked endpoints with one-to-one motion cost,Apparent +0.000004 is one-movie noise; LOMO -0.000320 and 6bba regresses,2026-09-03T11:26:46+07:00
model34,local-broad-division-repair,1,CPU,promising_high_variance,,0.899421 official 20-movie score,retest frozen geometry division ranker on 20 movies,One of five division TP; +0.007170 total but one-movie and visible-four risk,2026-09-03T11:26:46+07:00
model35,local-gap-plus-division,1,CPU,promising_high_variance,,0.903186 official 20-movie score,compose internal gap closer and frozen division repair,Best broad score but visible-four 0.932675 with zero division TP,2026-09-03T11:38:00+07:00
model36,local-real-division-ranker,1,CPU,validation_complete,,0.973221 grouped OOF AUC,fit compact geometry ranker to 145 real divisions,OOF precision 0.7536 recall 0.3586; frozen threshold 0.515733,2026-09-03T11:38:00+07:00
model37,local-gap-plus-real-division,1,CPU,promising_high_variance,,0.905823 official 20-movie score,compose model31 gap closer with model36 real-label ranker,2 division TP / 17 FP broad; visible-four 0.932706 with zero TP,2026-09-03T11:45:00+07:00
model38,local-gap-plus-real-division-p80,1,CPU,promising_high_variance,,0.907439 official 20-movie score,use model36 predeclared 80%-precision threshold,2 division TP / 14 FP; visible-four 0.932706 with zero TP,2026-09-03T11:51:00+07:00
model39,local-gap-plus-real-division-p90,1,CPU,rejected_broad_gate,,0.896989 official 20-movie score,use model36 predeclared 90%-precision threshold,Zero division TP / 3 FP; visible-four exactly inert,2026-09-03T11:57:00+07:00
model40,local-gap-plus-real-division-p95,1,CPU,complete_inert_control,,0.897109 official 20-movie score,use model36 predeclared 95%-precision threshold,Zero division TP; +0.000006 edge noise and visible-four exactly inert,2026-09-03T11:57:00+07:00
model41,local-detector-division-audit,1,CPU,complete,,3 direct positives in 2 movies,label detector-domain fork candidates with exact metric matching,Model38's 2 TP both in one 6bba movie; third direct candidate below threshold,2026-09-03T12:05:00+07:00
model42,local-sparse-division-rescue,1,CPU,train_fit_champion,,0.912769 official 20-movie score,add one low-confidence biological rescue only to fork-free movies,3 division TP / 14 FP; visible-four byte-identical to model38,2026-09-03T12:14:00+07:00
model43,yodharinmonplub/biohub-model43-gap-real-divisions,1,NvidiaTeslaT4,ready_local,,0.912769 broad parity target,productionize model42 detector graph,Deterministic e5842952; AST metadata leakage and exact broad/visible parity pass,2026-09-03T12:31:00+07:00
model44,local-conservative-parent-replacement,1,CPU,cautious_candidate,,0.892765 fixed-node edge score,replace weak selected parents with unused spatial alternatives,9 swaps 6 beneficial 1 harmful; both families gain but adaptive LOMO -0.000493,2026-09-03T12:40:00+07:00
model45,local-parent-replacement-gap-close,1,CPU,rejected_visible_gate,,0.930437 official visible-4 score,compose model44 fixed swaps before model30 gap closing,Broad 0.897617 gains both families but visible loses 0.003506 versus model31; 57 replacements reject the branch,2026-09-04T00:30:00+07:00
model46,local-parent-replacement-gap-divisions,1,CPU,stopped_prerequisite_gate,,,compose model45 with frozen model36 p80 and model42 rescue,Not run because model45 independently fails visible gate; prevents compounding two high-variance selections,2026-09-04T00:30:00+07:00
model47,local-grouped-learned-gap-ranker,1,CPU,rejected_lomo_gate,,0.895078 leave-one-movie-out score,rank internal endpoint gaps using inference-safe geometry and edge-context features,14,337 candidates and 140 positives; full fit 0.896766 also loses to model30 reconstruction 0.897107,2026-09-04T00:45:00+07:00
model48,local-topk-parent-association,1,NvidiaRTX4050+CPU,promoted_broad,,0.904193 official 20-movie score,retain top five parent candidates with p=0.40 ILP floor,Control 0.892257; p=0.40 +0.011937 and both families improve; p=0.40 wins all three-way LOO choices,2026-09-04T15:53:03+07:00
model49,local-density-detector-validation,1,NvidiaRTX4050,blocked_gpu,,,broad detector threshold sweep,Another user GPU job occupies 5.6GB; no inference result created,2026-09-04T15:53:03+07:00
model50,local-topk-division-reachability,1,CPU,analysis_complete,,5/5 division topology reachable,audit both daughter candidates in raw top-five graph,3 at p>=0.40 and all 5 at p>=0.10; does not authorize a global division cost,2026-09-04T15:53:03+07:00
model51,local-topk-gap-close,1,CPU,promoted_broad,,0.904520 official 20-movie score,model48 p=0.40 plus frozen internal gap closer,+0.000327; 7 wins 1 loss 12 ties; close selected 18/20 LOO folds,2026-09-04T15:53:03+07:00
model52,local-topk-native-divisions,1,CPU,rejected_structural_pilot,,,lower native division penalty on top-five graph,Cost 0.70 produced 186 forks in first 44b6 graph; partial output not scored,2026-09-04T15:53:03+07:00
model53,local-topk-ranked-divisions-p80,1,CPU,high_variance_rejected,,0.908259 official 20-movie score,apply frozen model36 p80 ranker after model51,1105 forks with 1 division TP and 19 FP; insufficient stability,2026-09-04T15:53:03+07:00
model54,local-topk-gap-sparse-rescue,1,CPU,high_upside_pending_visible,,0.924587 official 20-movie score,apply frozen model42 sparse rescue to model51,One matched division drives +0.020066; retain only as high-variance model57 branch,2026-09-04T15:53:03+07:00
model55,local-topk-sparse-rescue-ablation,1,CPU,complete_ablation,,0.924260 official 20-movie score,apply same sparse rescue directly to model48,Confirms division gain is sparse rescue; model54 retains gap-close complement,2026-09-04T15:53:03+07:00
model56,local-topk-gap-production,1,NvidiaTeslaT4,built_parity_audited,,0.904520 broad parity target,productionize model48 p=0.40 plus model51,Notebook syntax clean and exact graph parity passes on all 20; GPU visible inference pending,2026-09-04T15:53:03+07:00
model57,local-topk-gap-sparse-production,1,NvidiaTeslaT4,built_parity_audited,,0.924587 broad parity target,productionize model54 sparse branch,Notebook syntax clean and exact sparse parity passes; high variance and upload consent pending,2026-09-04T15:53:03+07:00
model58,local-topk-floor-035,1,CPU,rejected_broad_gate,,0.902697 official 20-movie score,interpolate top-five edge floor p=0.35,-0.001497 versus p=0.40; loses 14/20 and both families,2026-09-04T15:53:03+07:00
model59,local-topk-motion-prior-002,1,CPU,cautious_broad_candidate,,0.904599 official 20-movie score,p=0.40 top-five ILP with +0.02 grid-distance cost,+0.000406 versus p=0.40; 17 wins 3 losses but 44b6 mean regresses,2026-09-04T16:13:12+07:00
model60,local-topk-motion-gap-close,1,CPU,cautious_pending_visible,,0.904986 official 20-movie score,model59 plus frozen model30 internal gap closer,+0.000466 versus model51 but 44b6 family mean regresses; visible GPU validation remains required,2026-09-04T16:13:12+07:00
model61,local-topk-motion-gap-sparse-rescue,1,CPU,high_upside_pending_visible,,0.925053 official 20-movie score,model60 plus unchanged model42 sparse division gate,1 division TP and 0 FP out of 5 true divisions; one-movie concentrated high-variance gain,2026-09-04T16:13:12+07:00
model62,local-topk-motion-prior-stability,1,CPU,rejected_runtime_gate,,,predeclared 0.005-0.040 motion grid,0.005 did not finish its first large exact ILP graph beyond the full 0.02 sweep runtime; interrupted before output,2026-09-04T16:13:12+07:00
model63,local-topk-motion-prior-higher,1,CPU,rejected_runtime_gate,,,probe 0.025 then 0.040 with model59 runtime envelope,0.025 did not finish its first large exact ILP graph beyond the full 0.02 sweep runtime; interrupted before output,2026-09-04T16:13:12+07:00
model64,local-topk-edge-calibration-audit,1,CPU,complete,,LOO candidate AUC 0.994597,strict leave-one-movie-out ridge calibration of top-five testable candidates,AUC +0.000423 and 6 additional correct top-parent choices over 14121 annotated targets,2026-09-04T16:52:24+07:00
model65,local-topk-calibrated-association-loo,1,CPU,cautious_strict_oof,,0.904767 strict 20-movie OOF score,LOO calibrated association with raw p=0.40 floor,+0.000574 vs model48 and both families improve but only 6/20 movie gains,2026-09-04T16:52:24+07:00
model66,local-topk-calibrated-gap-loo,1,CPU,best_strict_oof_cautious,,0.905223 strict 20-movie OOF score,model65 plus frozen internal gap closer,+0.001029 vs model48 and +0.000456 vs model65 but only 7/20 movie gains,2026-09-04T16:52:24+07:00
model67,local-topk-calibrated-half-blend-loo,1,CPU,rejected_strict_oof,,0.903904 strict 20-movie OOF score,predeclared 50/50 raw and LOO calibrated score blend plus frozen gaps,-0.001319 versus model66; score-scale distortion rejected without further grid,2026-09-04T16:52:24+07:00
model68,local-topk-calibrated-rank-preserving-loo,1,CPU,near_tie_rejected,,0.905222 strict 20-movie OOF score,rank-preserving calibrated-score transform plus frozen gaps,0.000000524 below model66 with no stability evidence; retain simpler model66,2026-09-04T17:13:28+07:00
model69,local-topk-calibrated-family-loo,1,CPU,rejected_strict_oof,,0.904879 strict 20-movie OOF score,within-family LOO calibration plus frozen gaps,-0.000344 versus model66; cross-family data are useful,2026-09-04T17:13:28+07:00
model70,local-calibrated-parent-router-audit,1,CPU,complete,,0.904938 nested family-router score,conservative calibrated parent replacement and three-way router audit,isolated replacements net harmful; apparent family composition promoted to model71,2026-09-06T00:00:00+07:00
model71,local-family-calibration-motion-router,1,CPU,tuned_broad_candidate,,0.905528 official 20-movie score,44b6 calibrated-gap plus 6bba motion-gap,+0.000305 over model66 but family choice is not nested OOF,2026-09-06T00:00:00+07:00
model72,local-pairwise-topk-ranker-audit,1,CPU,complete,,13549/14121 strict-LOO top1,target-conditional logistic edge ranking,+6 correct top-parent choices over model64; model73 solve promoted,2026-09-06T00:00:00+07:00
model74,local-visible-topk-validation,1,NvidiaRTX4050,complete_rejected,,0.929396 model56 visible-four score,fresh top-five candidate export and raw/motion validation,model60 scores 0.927826; both trail primary-only 0.933257,2026-09-06T00:00:00+07:00
model75,local-visible-topk-sparse-rescue,1,NvidiaRTX4050,rejected_noop,,0.929396 inherited visible-four score,model57 sparse division rescue,14283 candidates scored and zero accepted,2026-09-06T00:00:00+07:00
model76,local-visible-motion-sparse-rescue,1,NvidiaRTX4050,rejected_noop,,0.927826 inherited visible-four score,model61 sparse division rescue,14168 candidates scored and zero accepted,2026-09-06T00:00:00+07:00
model73,local-pairwise-topk-rank-preserving-loo,1,CPU,rejected_strict_oof,,0.904435 strict 20-movie OOF score,target-conditional pairwise ranks mapped to raw score quantiles plus frozen gaps,-0.000788 versus model66; 15 wins but large weighted losses and both families regress,2026-09-06T00:00:00+07:00
model167,yodharinmonplub/biohub-model167-public-0-947-reproduction,1,NvidiaTeslaT4,scored,0.947,0.951094 eight-movie proxy (tight55),exact public zhincez 0.947 notebook,Submission 56256610; validator base 0.949037 selected tight55; local Windows reproduction matches,2026-09-18T12:00:00+07:00
model174,yodharinmonplub/biohub-model174-conditional-division-guard,1,NvidiaTeslaT4,scored_rejected,0.945,0.954168 eight-movie proxy,radius 5.15 + conditional high-confidence single-child division guard,Submission 56307840; -0.002 vs model167 despite +0.0018 proxy; proxy deltas <0.003 are LB noise,2026-09-18T12:00:00+07:00
model181,yodharinmonplub/biohub-model181-no-motion-relink,1,NvidiaTeslaT4,running,,0.95762 set-C 32-movie proxy (+0.0247 vs base),exact 0.947 notebook with BIOHUB_OUTPUT_MOTION_RELINK=0,Kernel 134788118; local no_relink gains +0.024..+0.028 on three disjoint labelled sets and both embryo families,2026-09-18T12:00:00+07:00
model181,yodharinmonplub/biohub-model181-no-motion-relink,1,NvidiaTeslaT4,scored_rejected,0.945,0.95762 set-C 32-movie proxy (+0.0247 vs base),exact 0.947 notebook with BIOHUB_OUTPUT_MOTION_RELINK=0,Submission 56316219; -0.002 on LB despite +0.025 in-sample: train-movie proxy is biased toward the overfit learned linker,2026-09-18T20:00:00+07:00
model182,,,local RTX 4050,heldout_scored,,0.79657 held-out fold0 (24 x 44b6),clean from-scratch fold + exact 0.947 predictor = honest testbed,no_relink 0.78865; no_linefit 0.76470; all other post-processing knobs within +-0.005,2026-09-19T12:00:00+07:00
model184,,,local RTX 4050,heldout_rejected,,0.75994 held-out fold0,synthetic pretraining then fine-tune,worse than from-scratch 0.79657 on 20/24 movies,2026-09-20T02:30:00+07:00
model186,,,local RTX 4050,heldout_scored,,0.80606 held-out fold0,two independent seeds instead of one,+0.0095 vs one seed,2026-09-20T08:45:00+07:00
model187,,,local RTX 4050,heldout_neutral,,0.80202 held-out fold0,three independent seeds,12/12 per-movie split vs two seeds; seed averaging saturates at two,2026-09-20T21:10:00+07:00
model188,yodharinmonplub/biohub-model188-three-seed,,NvidiaTeslaT4,blocked_gpu_quota,,,0.947 notebook + model185 cloud seed as tertiary,push refused: weekly Kaggle GPU quota reached; retry after 2026-09-26 reset,2026-09-20T21:15:00+07:00
model189,,,local RTX 4050,running,,,2x training budget on the clean fold,compare with 0.79657,2026-09-20T21:15:00+07:00
model190,yodharinmonplub/biohub-model190-long-both,,NvidiaTeslaT4,ready_waiting_gpu,,0.81615 held-out fold0 (long seed as both; proxy for the layout),0.947 notebook with model185 long-trained checkpoint as both seeds,mixed long+short = 0.81518 (adj 0.79699 vs 0.80926); waiting for Kaggle GPU quota,2026-09-21T11:50:00+07:00
model189,,,local RTX 4050,heldout_scored,,0.81615 held-out fold0,2.15x training budget (86 of 160 epochs; run killed externally),+0.0196 vs same-seed baseline; beats two short seeds on 18/24 movies,2026-09-21T08:07:00+07:00
