stem,fam,n_raw,n_est,ratio,cnt_first,cnt_last,img_mean,img_p50,img_p99,img_p999,fg_frac
44b6_0113de3b,44b6,25824,25755.0,1.0026790914385557,216.7,264.4,248.95158,183.0,1367.0,2006.858,0.16577911376953125
44b6_0b24845f,44b6,22495,32795.0,0.6859277328861106,285.2,170.4,1215.491,1262.0,2628.0,2923.0,0.0197906494140625
6bba_05b6850b,6bba,6309,6362.0,0.9916692863879283,62.7,59.3,86.489395,44.0,682.0,1197.0,0.24466705322265625
6bba_05db0fb1,6bba,70686,69800.0,1.0126934097421203,743.2,610.1,951.0211,947.0,2213.0,2777.929,0.0309295654296875
44b6_12dfb391,44b6,45357,58672.0,0.7730604035996728,399.1,469.8,598.49243,532.0,1908.0,2466.929,0.107818603515625
44b6_267148e4,44b6,22834,19130.0,1.1936225823314166,182.2,168.9,387.45505,157.0,1800.0,2198.929,0.3686676025390625
44b6_2a2eff9f,44b6,40941,56367.0,0.7263292351908032,472.2,406.3,555.6238,574.0,1352.0,1753.929,0.03394317626953125
44b6_341df25f,44b6,8523,7436.0,1.1461807423345884,96.9,72.2,115.24746,60.0,751.0,1126.929,0.24990081787109375
6bba_062c8d37,6bba,5997,6030.0,0.9945273631840796,66.2,55.6,67.84305,45.0,435.29,791.929,0.16669464111328125
6bba_07e24132,6bba,29764,21485.0,1.385338608331394,334.3,265.0,365.99713,338.0,1072.0,1422.0,0.11548614501953125
6bba_085bf656,6bba,8414,8463.0,0.9942100909842845,119.5,51.6,133.46652,94.0,610.0,872.929,0.20679473876953125
6bba_09961292,6bba,29955,31117.0,0.9626570684834657,333.7,273.1,210.4017,105.0,926.29,1278.929,0.30551910400390625
44b6_a21120c2,44b6,22138,23040.0,0.9608506944444445,227.4,156.5,214.66904,127.0,1223.0,1737.787,0.26892852783203125
44b6_c50204e0,44b6,39730,47078.0,0.8439186031692085,281.3,374.4,1267.7032,1323.0,3254.0,3903.858,0.04882049560546875
44b6_d2f34f90,44b6,15835,24074.0,0.6577635623494226,135.8,135.2,920.4974,314.0,3692.0,4423.716,0.3922576904296875
44b6_d5e7d891,44b6,44379,44848.0,0.9895424545130218,298.2,519.6,1043.6187,802.0,3306.29,4071.787,0.27295684814453125
44b6_e28840c6,44b6,28431,74686.0,0.38067375411723753,351.0,273.1,746.4876,724.0,1710.0,2136.574,0.03501129150390625
6bba_12665c0e,6bba,8237,8314.0,0.9907385133509743,150.0,52.9,91.45263,56.0,476.0,679.929,0.2316741943359375
6bba_20852818,6bba,10242,9758.0,1.0496003279360524,210.3,61.4,137.80533,77.0,808.0,1210.929,0.2249603271484375
6bba_337b1b3a,6bba,29669,30480.0,0.9733923884514436,229.5,320.7,269.39264,254.0,926.0,1356.929,0.068634033203125
6bba_48816121,6bba,25378,23965.0,1.0589609847694554,293.2,196.7,288.8655,236.0,1022.0,1391.929,0.1720123291015625
6bba_4ffd3da3,6bba,20456,17637.0,1.1598344389635427,204.8,179.3,154.79613,97.0,566.0,725.929,0.354400634765625
6bba_57b7cc1e,6bba,79491,65511.0,1.2133992764573889,788.1,689.5,1051.0166,1048.0,1547.0,1781.858,4.57763671875e-05
6bba_5c039895,6bba,7996,8570.0,0.933022170361727,109.3,49.9,150.2596,107.0,675.0,969.929,0.206146240234375
6bba_786893ac,6bba,60654,58979.0,1.0283999389613252,658.7,538.7,1257.4639,1241.0,2783.0,3317.929,0.02626800537109375
6bba_7f87b3d8,6bba,9792,10581.0,0.9254323787921747,171.9,95.6,136.4478,90.0,619.0,855.0,0.23735809326171875
6bba_969618f6,6bba,15838,13888.0,1.1404089861751152,199.2,77.9,155.28352,85.0,651.0,842.858,0.3406219482421875
6bba_afb141ff,6bba,5767,6054.0,0.9525933267261315,78.7,54.5,58.17843,32.0,475.0,832.0,0.17498779296875
6bba_bb9f20c3,6bba,23099,23071.0,1.0012136448355078,178.0,176.9,200.64352,142.0,874.0,1235.0,0.2359619140625
6bba_cdcfe533,6bba,28726,29785.0,0.9644451905321471,323.5,278.1,266.09235,263.0,925.0,1289.716,0.0690460205078125
6bba_debd7bfa,6bba,12053,11807.0,1.0208350978233252,223.0,53.9,122.80824,82.0,526.0,722.0,0.25559234619140625
6bba_df673a83,6bba,22158,19239.0,1.1517230625292374,231.7,201.1,214.88852,136.0,853.0,1165.0,0.32819366455078125
