stem,stage,nodes,edges,edge_tp,edge_fp,edge_fn,edge_jaccard,adjusted_edge_jaccard,div_tp,div_fp,div_fn,t_true
6bba_48816121,raw,25378,24435,875,42,43,0.9114583333333334,0.9060842852423674,0,0,5,23965.0
6bba_48816121,+relink,25370,24468,872,46,46,0.9045643153526971,0.8992611112505876,0,0,5,23965.0
6bba_48816121,+gapclose,25441,24608,875,43,43,0.9105098855359001,0.9049020716779781,0,0,5,23965.0
6bba_48816121,+gap2,25497,24689,875,45,43,0.9086188992731049,0.9028104112543842,0,0,5,23965.0
6bba_48816121,+safediv,25497,24722,875,45,43,0.9086188992731049,0.9028104112543842,0,0,5,23965.0
6bba_48816121,+shorttrack,25219,24514,874,44,44,0.9085239085239085,0.9037699382285236,0,0,5,23965.0
6bba_48816121,final(+linefit),25219,24514,885,25,33,0.9384941675503712,0.9335833739509213,0,0,5,23965.0
6bba_afb141ff,raw,5767,5384,607,18,19,0.9425465838509317,0.9470148836455339,0,0,4,6054.0
6bba_afb141ff,+relink,5754,5388,598,27,28,0.9157733537519143,0.9203113782997434,0,0,4,6054.0
6bba_afb141ff,+gapclose,5773,5424,598,27,28,0.9157733537519143,0.9200239700783808,0,0,4,6054.0
6bba_afb141ff,+gap2,5796,5457,598,27,28,0.9157733537519143,0.9196760548630473,0,0,4,6054.0
6bba_afb141ff,+safediv,5796,5465,598,27,28,0.9157733537519143,0.9196760548630473,0,0,4,6054.0
6bba_afb141ff,+shorttrack,5561,5285,589,26,37,0.9033742331288344,0.9107307494309901,0,0,4,6054.0
6bba_afb141ff,final(+linefit),5561,5285,594,22,32,0.9166666666666666,0.9241314282567998,0,0,4,6054.0
6bba_cdcfe533,raw,28726,27472,1337,6,11,0.9874446085672083,0.9909554490589748,0,0,4,29785.0
6bba_cdcfe533,+relink,28706,27467,1313,46,35,0.9418938307030129,0.9453059624583546,0,0,4,29785.0
6bba_cdcfe533,+gapclose,28733,27515,1313,46,35,0.9418938307030129,0.9452205801067382,0,0,4,29785.0
6bba_cdcfe533,+gap2,28755,27548,1313,46,35,0.9418938307030129,0.9451510093017174,0,0,4,29785.0
6bba_cdcfe533,+safediv,28755,27600,1316,46,32,0.9440459110473458,0.9473105317906018,1,2,3,29785.0
6bba_cdcfe533,+shorttrack,28284,27247,1316,46,32,0.9440459110473458,0.9488033826353333,1,2,3,29785.0
6bba_cdcfe533,final(+linefit),28284,27247,1316,46,32,0.9440459110473458,0.9488033826353333,1,2,3,29785.0
6bba_debd7bfa,raw,12053,11357,718,5,11,0.9782016348773842,0.9761635422020235,0,0,4,11807.0
6bba_debd7bfa,+relink,12020,11281,689,37,40,0.8994778067885117,0.897855135721806,0,0,4,11807.0
6bba_debd7bfa,+gapclose,12054,11339,689,37,40,0.8994778067885117,0.8975961178050549,0,0,4,11807.0
6bba_debd7bfa,+gap2,12087,11384,689,37,40,0.8994778067885117,0.8973447180623257,0,0,4,11807.0
6bba_debd7bfa,+safediv,12087,11410,690,37,39,0.9007832898172323,0.8986471051712696,1,0,3,11807.0
6bba_debd7bfa,+shorttrack,11843,11232,690,37,39,0.9007832898172323,0.9005086375056085,1,0,3,11807.0
6bba_debd7bfa,final(+linefit),11843,11232,690,37,39,0.9007832898172323,0.9005086375056085,1,0,3,11807.0
6bba_df673a83,raw,22158,21335,643,6,11,0.9742424242424242,0.9594609198172273,0,0,4,19239.0
6bba_df673a83,+relink,22151,21415,642,10,12,0.9668674698795181,0.9522330394398426,0,0,4,19239.0
6bba_df673a83,+gapclose,22226,21565,642,10,12,0.9668674698795181,0.9518561224470625,0,0,4,19239.0
6bba_df673a83,+gap2,22274,21634,642,10,12,0.9668674698795181,0.9516148955716833,0,0,4,19239.0
6bba_df673a83,+safediv,22274,21655,643,10,11,0.9683734939759037,0.9530971617641626,1,0,3,19239.0
6bba_df673a83,+shorttrack,22030,21464,643,10,11,0.9683734939759037,0.9543253084065562,1,0,3,19239.0
6bba_df673a83,final(+linefit),22030,21464,645,7,9,0.9757942511346445,0.9616384127079237,1,0,3,19239.0
6bba_12665c0e,raw,8237,7849,969,8,29,0.963220675944334,0.9641127614873665,0,0,3,8314.0
6bba_12665c0e,+relink,8229,7814,947,33,51,0.918525703200776,0.9194647780717415,0,0,3,8314.0
6bba_12665c0e,+gapclose,8234,7822,947,33,51,0.918525703200776,0.9194095383734494,0,0,3,8314.0
6bba_12665c0e,+gap2,8247,7840,947,34,51,0.9176356589147286,0.9183751536121942,0,0,3,8314.0
6bba_12665c0e,+safediv,8247,7848,947,35,51,0.9167473378509197,0.9174861166774293,0,1,3,8314.0
6bba_12665c0e,+shorttrack,8088,7734,943,35,55,0.9128751210067764,0.9153565953554357,0,1,3,8314.0
6bba_12665c0e,final(+linefit),8088,7734,943,33,55,0.9146459747817652,0.9171322628537003,0,1,3,8314.0
6bba_20852818,raw,10242,9717,846,31,63,0.9,0.8955359704857553,0,0,3,9758.0
6bba_20852818,+relink,10234,9724,835,49,74,0.8716075156576201,0.8673557716788024,0,0,3,9758.0
6bba_20852818,+gapclose,10251,9758,835,50,74,0.8706986444212722,0.8662996443013737,0,0,3,9758.0
6bba_20852818,+gap2,10268,9782,835,51,74,0.8697916666666666,0.8652457171893148,0,0,3,9758.0
6bba_20852818,+safediv,10268,9798,836,53,73,0.8690228690228691,0.8644809376516694,0,3,3,9758.0
6bba_20852818,+shorttrack,9955,9562,829,51,80,0.8635416666666667,0.861798300112728,0,3,3,9758.0
6bba_20852818,final(+linefit),9955,9562,836,40,73,0.880927291886196,0.8791488262528533,0,3,3,9758.0
6bba_4ffd3da3,raw,20456,19500,637,35,52,0.8798342541436464,0.8657714727044507,0,0,3,17637.0
6bba_4ffd3da3,+relink,20447,19635,639,37,50,0.8801652892561983,0.8661421307666031,0,0,3,17637.0
6bba_4ffd3da3,+gapclose,20517,19773,641,37,48,0.8829201101928374,0.86850263603422,0,0,3,17637.0
6bba_4ffd3da3,+gap2,20567,19848,641,37,48,0.8829201101928374,0.8682523326634106,0,0,3,17637.0
6bba_4ffd3da3,+safediv,20567,19883,643,38,46,0.8844566712517193,0.8697633671366911,1,3,2,17637.0
6bba_4ffd3da3,+shorttrack,20216,19611,643,37,46,0.8856749311294766,0.8727240004304749,1,3,2,17637.0
6bba_4ffd3da3,final(+linefit),20216,19611,650,26,39,0.9090909090909091,0.8957975743143288,1,3,2,17637.0
6bba_57b7cc1e,raw,79491,73139,1252,324,340,0.6534446764091858,0.6395002142941205,0,0,3,65511.0
6bba_57b7cc1e,+relink,79452,74841,1254,370,338,0.6391437308868502,0.625542499410772,0,0,3,65511.0
6bba_57b7cc1e,+gapclose,80028,75977,1260,376,332,0.6402439024390244,0.6260563297692326,0,0,3,65511.0
6bba_57b7cc1e,+gap2,80190,76217,1263,374,329,0.6424211597151577,0.628026477595424,0,0,3,65511.0
6bba_57b7cc1e,+safediv,80190,76281,1265,376,327,0.6427845528455285,0.6283817282035302,0,2,3,65511.0
6bba_57b7cc1e,+shorttrack,77732,74381,1259,385,333,0.6368234699038948,0.6249436029720887,0,2,3,65511.0
6bba_57b7cc1e,final(+linefit),77732,74381,1287,357,305,0.6603386351975372,0.648020095622887,0,2,3,65511.0
6bba_5c039895,raw,7996,7688,1131,11,14,0.9783737024221453,0.9849266371384849,0,0,3,8570.0
6bba_5c039895,+relink,7995,7697,1131,11,14,0.9783737024221453,0.984938053401057,0,0,3,8570.0
6bba_5c039895,+gapclose,8005,7717,1133,11,12,0.9801038062283737,0.9865654007501826,0,0,3,8570.0
6bba_5c039895,+gap2,8011,7726,1133,11,12,0.9801038062283737,0.9864967820472962,0,0,3,8570.0
6bba_5c039895,+safediv,8011,7735,1136,12,9,0.9818496110630942,0.988253974337123,3,1,0,8570.0
6bba_5c039895,+shorttrack,7941,7682,1136,12,9,0.9818496110630942,0.9890559518490765,3,1,0,8570.0
6bba_5c039895,final(+linefit),7941,7682,1138,8,7,0.986990459670425,0.9942345320056957,3,1,0,8570.0
