stem,gt_edges,raw_recovered,final_recovered,destroyed_by_pp,repaired_by_pp,rec_raw,rec_+relink,rec_+gapclose,rec_+gap2,rec_+safediv,rec_+shorttrack,rec_final(+linefit)
6bba_786893ac,1395,1159,1207,43,91,1159,1164,1184,1188,1188,1182,1207
6bba_7f87b3d8,934,913,826,93,6,913,842,842,842,843,827,826
6bba_969618f6,658,649,649,2,2,649,649,649,649,649,649,649
6bba_bb9f20c3,1879,1789,1797,21,29,1789,1780,1786,1786,1786,1788,1797
6bba_337b1b3a,1213,1188,1180,17,9,1188,1174,1177,1177,1178,1178,1180
44b6_a21120c2,286,279,276,9,6,279,271,275,275,276,276,276
44b6_c50204e0,325,283,293,5,15,283,284,290,290,290,290,293
44b6_d2f34f90,281,274,273,4,3,274,273,273,275,275,275,273
44b6_d5e7d891,893,806,836,11,41,806,817,826,828,829,826,836
44b6_e28840c6,309,282,288,2,8,282,287,287,287,287,287,288
