stem,gt_edges,raw_recovered,final_recovered,destroyed_by_pp,repaired_by_pp,rec_raw,rec_+relink,rec_+gapclose,rec_+gap2,rec_+safediv,rec_+shorttrack,rec_final(+linefit)
44b6_0113de3b,50,50,46,4,0,50,48,48,48,48,46,46
44b6_0b24845f,49,48,48,1,1,48,47,47,47,48,48,48
6bba_05b6850b,845,831,828,7,4,831,830,830,830,830,830,828
6bba_05db0fb1,1183,1099,1097,34,32,1099,1083,1091,1091,1091,1092,1097
44b6_12dfb391,773,727,746,2,21,727,734,741,741,741,741,746
44b6_267148e4,277,255,252,10,7,255,246,246,248,248,250,252
44b6_2a2eff9f,210,197,198,1,2,197,196,196,196,197,197,198
44b6_341df25f,209,207,207,1,1,207,207,207,207,208,207,207
6bba_062c8d37,898,896,887,10,1,896,890,890,890,891,887,887
6bba_07e24132,345,307,306,4,3,307,303,303,303,303,303,306
6bba_085bf656,1168,1160,1162,2,4,1160,1160,1160,1160,1160,1160,1162
6bba_09961292,1871,1793,1777,44,28,1793,1774,1778,1780,1780,1777,1777
