stem,stage,nodes,edges,edge_tp,edge_fp,edge_fn,edge_jaccard,adjusted_edge_jaccard,div_tp,div_fp,div_fn,t_true
6bba_786893ac,raw,60654,56110,1159,243,236,0.7075702075702076,0.7055607124996229,0,0,3,58979.0
6bba_786893ac,+relink,60619,57163,1164,281,231,0.6945107398568019,0.6925795480540159,0,0,3,58979.0
6bba_786893ac,+gapclose,61061,58035,1184,271,211,0.7106842737094838,0.7081755084576771,0,0,3,58979.0
6bba_786893ac,+gap2,61213,58263,1188,269,207,0.7139423076923077,0.7112380449625486,0,0,3,58979.0
6bba_786893ac,+safediv,61213,58325,1188,274,207,0.7118034751348112,0.7091073138512168,0,5,3,58979.0
6bba_786893ac,+shorttrack,59288,56844,1182,279,213,0.7060931899641577,0.7057232569444406,0,5,3,58979.0
6bba_786893ac,final(+linefit),59288,56844,1207,245,188,0.7359756097560975,0.735590020879693,0,5,3,58979.0
6bba_7f87b3d8,raw,9792,9080,913,16,21,0.9610526315789474,0.9682189724381837,0,0,3,10581.0
6bba_7f87b3d8,+relink,9710,8905,842,116,92,0.8019047619047619,0.8085058303067942,0,0,3,10581.0
6bba_7f87b3d8,+gapclose,9787,9049,842,118,92,0.8003802281368821,0.8063862946820166,0,0,3,10581.0
6bba_7f87b3d8,+gap2,9820,9097,842,118,92,0.8003802281368821,0.8061366722689317,0,0,3,10581.0
6bba_7f87b3d8,+safediv,9820,9122,843,120,91,0.7998102466793169,0.8055625914267222,1,1,2,10581.0
6bba_7f87b3d8,+shorttrack,9252,8710,827,113,107,0.789875835721108,0.7997968732948095,1,1,2,10581.0
6bba_7f87b3d8,final(+linefit),9252,8710,826,118,108,0.785171102661597,0.7950330476142221,1,1,2,10581.0
6bba_969618f6,raw,15838,15126,649,1,9,0.9848254931714719,0.9709976582659104,0,0,3,13888.0
6bba_969618f6,+relink,15832,15174,649,2,9,0.9833333333333333,0.9695689324116743,0,0,3,13888.0
6bba_969618f6,+gapclose,15875,15258,649,2,9,0.9833333333333333,0.9692644729262673,0,0,3,13888.0
6bba_969618f6,+gap2,15909,15309,649,2,9,0.9833333333333333,0.9690237375192011,0,0,3,13888.0
6bba_969618f6,+safediv,15909,15324,649,2,9,0.9833333333333333,0.9690237375192011,0,0,3,13888.0
6bba_969618f6,+shorttrack,15675,15147,649,2,9,0.9833333333333333,0.9706805635560675,0,0,3,13888.0
6bba_969618f6,final(+linefit),15675,15147,649,2,9,0.9833333333333333,0.9706805635560675,0,0,3,13888.0
6bba_bb9f20c3,raw,23099,22248,1789,86,90,0.9104325699745547,0.9103220757958919,0,0,3,23071.0
6bba_bb9f20c3,+relink,23019,22216,1780,106,99,0.8967254408060453,0.8969275548146358,0,0,3,23071.0
6bba_bb9f20c3,+gapclose,23133,22440,1786,108,93,0.898842476094615,0.8986009250846116,0,0,3,23071.0
6bba_bb9f20c3,+gap2,23179,22509,1786,108,93,0.898842476094615,0.8984217098191253,0,0,3,23071.0
6bba_bb9f20c3,+safediv,23179,22530,1786,109,93,0.8983903420523138,0.8979697874298802,0,1,3,23071.0
6bba_bb9f20c3,+shorttrack,22955,22360,1788,107,91,0.9003021148036254,0.9007547828514657,0,1,3,23071.0
6bba_bb9f20c3,final(+linefit),22955,22360,1797,83,82,0.9159021406727829,0.9163626523468241,0,1,3,23071.0
6bba_337b1b3a,raw,29669,28490,1188,36,25,0.9511609287429944,0.9536917407942103,0,0,2,30480.0
6bba_337b1b3a,+relink,29654,28482,1174,56,39,0.9251379038613081,0.9276450032989374,0,0,2,30480.0
6bba_337b1b3a,+gapclose,29682,28536,1177,53,36,0.9296998420221169,0.9321338986951274,0,0,2,30480.0
6bba_337b1b3a,+gap2,29717,28587,1177,53,36,0.9296998420221169,0.9320271418235043,0,0,2,30480.0
6bba_337b1b3a,+safediv,29717,28647,1178,55,35,0.9290220820189274,0.9313476851966849,1,2,1,30480.0
6bba_337b1b3a,+shorttrack,29397,28407,1178,55,35,0.9290220820189274,0.9323230364638964,1,2,1,30480.0
6bba_337b1b3a,final(+linefit),29397,28407,1180,51,33,0.9335443037974683,0.9368613263729693,1,2,1,30480.0
44b6_a21120c2,raw,22138,21318,279,4,7,0.9620689655172414,0.9658353987068965,0,0,2,23040.0
44b6_a21120c2,+relink,22123,21224,271,21,15,0.8827361563517915,0.8862494769046326,0,0,2,23040.0
44b6_a21120c2,+gapclose,22208,21390,275,17,11,0.9075907590759076,0.9108681701503483,0,0,2,23040.0
44b6_a21120c2,+gap2,22251,21453,275,17,11,0.9075907590759076,0.9106987847222222,0,0,2,23040.0
44b6_a21120c2,+safediv,22251,21489,276,17,10,0.9108910891089109,0.9140104166666667,1,0,1,23040.0
44b6_a21120c2,+shorttrack,21997,21296,276,17,10,0.9108910891089109,0.9150146108360837,1,0,1,23040.0
44b6_a21120c2,final(+linefit),21997,21296,276,17,10,0.9108910891089109,0.9150146108360837,1,0,1,23040.0
44b6_c50204e0,raw,39730,36602,283,42,42,0.771117166212534,0.7831528706547994,0,0,2,47078.0
44b6_c50204e0,+relink,39720,37229,284,46,41,0.7654986522911051,0.7774629224035949,0,0,2,47078.0
44b6_c50204e0,+gapclose,40064,37911,290,44,35,0.7859078590785907,0.7976168478282769,0,0,2,47078.0
44b6_c50204e0,+gap2,40230,38160,290,44,35,0.7859078590785907,0.7973397317557864,0,0,2,47078.0
44b6_c50204e0,+safediv,40230,38209,290,45,35,0.7837837837837838,0.7951847595077979,0,1,2,47078.0
44b6_c50204e0,+shorttrack,38638,36981,290,47,35,0.7795698924731183,0.7935457833191039,0,1,2,47078.0
44b6_c50204e0,final(+linefit),38638,36981,293,39,32,0.804945054945055,0.8193758639508246,0,1,2,47078.0
44b6_d2f34f90,raw,15835,14687,274,6,7,0.9547038327526133,0.987377276625874,0,0,2,24074.0
44b6_d2f34f90,+relink,15831,14796,273,7,8,0.9479166666666666,0.9803735790340893,0,0,2,24074.0
44b6_d2f34f90,+gapclose,15978,15090,273,7,8,0.9479166666666666,0.9797947647531223,0,0,2,24074.0
44b6_d2f34f90,+gap2,16091,15258,275,5,6,0.9615384615384616,0.993423322959337,0,0,2,24074.0
44b6_d2f34f90,+safediv,16091,15273,275,5,6,0.9615384615384616,0.993423322959337,0,0,2,24074.0
44b6_d2f34f90,+shorttrack,15436,14769,275,5,6,0.9615384615384616,0.9960394552693298,0,0,2,24074.0
44b6_d2f34f90,final(+linefit),15436,14769,273,9,8,0.9413793103448276,0.9751569728967866,0,0,2,24074.0
44b6_d5e7d891,raw,44379,41476,806,79,87,0.8292181069958847,0.8300852656031383,0,0,2,44848.0
44b6_d5e7d891,+relink,44373,42020,817,81,76,0.8388090349075975,0.8396974452973164,0,0,2,44848.0
44b6_d5e7d891,+gapclose,44742,42756,826,78,67,0.850669412976313,0.8508704720152345,0,0,2,44848.0
44b6_d5e7d891,+gap2,44888,42975,828,76,65,0.8544891640866873,0.8544129520670578,0,0,2,44848.0
44b6_d5e7d891,+safediv,44888,43044,829,76,64,0.8555211558307534,0.8554448517676219,0,1,2,44848.0
44b6_d5e7d891,+shorttrack,43677,42102,826,78,67,0.850669412976313,0.8528905463213791,0,1,2,44848.0
44b6_d5e7d891,final(+linefit),43677,42102,836,72,57,0.8663212435233161,0.8685832444512633,0,1,2,44848.0
44b6_e28840c6,raw,28431,26339,282,16,27,0.8676923076923077,0.9214307696427505,0,0,2,74686.0
44b6_e28840c6,+relink,28420,26431,287,14,22,0.8885448916408669,0.9435878956264282,0,0,2,74686.0
44b6_e28840c6,+gapclose,28779,27141,287,14,22,0.8885448916408669,0.9431607906588318,0,0,2,74686.0
44b6_e28840c6,+gap2,28918,27348,287,14,22,0.8885448916408669,0.9429954213259742,0,0,2,74686.0
44b6_e28840c6,+safediv,28918,27353,287,14,22,0.8885448916408669,0.9429954213259742,0,0,2,74686.0
44b6_e28840c6,+shorttrack,27398,26182,287,14,22,0.8885448916408669,0.9448037766205328,0,0,2,74686.0
44b6_e28840c6,final(+linefit),27398,26182,288,13,21,0.8944099378881988,0.9510401726615929,0,0,2,74686.0
