stem,edge_tp,edge_fp,edge_fn,adjusted_edge_jaccard,div_tp,div_fp,div_fn,t_pred,t_true,safe_divisions_added
44b6_0113de3b,46,3,4,0.8683659886521393,0,0,0,25624,25755.0,53
44b6_0b24845f,48,2,1,0.9758675551330458,0,1,0,20707,32795.0,26
6bba_05b6850b,828,19,17,0.9614966467567851,0,0,0,6152,6362.0,10
6bba_05db0fb1,1097,120,86,0.8413412270999039,0,1,3,70266,69800.0,35
44b6_12dfb391,746,33,27,0.9471891682303638,0,0,1,44960,58672.0,24
44b6_267148e4,252,31,25,0.8047906667300291,0,0,1,22261,19130.0,27
44b6_2a2eff9f,198,21,12,0.8818092652996053,1,1,0,40146,56367.0,40
44b6_341df25f,207,0,2,0.9774175677101697,1,0,0,8413,7436.0,11
6bba_062c8d37,887,7,11,0.9829874384981172,1,0,0,5853,6030.0,4
6bba_07e24132,306,20,39,0.8082908432452077,0,0,2,29190,21485.0,6
6bba_085bf656,1162,2,6,0.9951574021052929,0,0,1,8293,8463.0,4
6bba_09961292,1777,132,94,0.8910581134757357,0,0,4,29753,31117.0,24
