edge_tp,edge_fp,edge_fn,edge_jaccard,t_pred,t_true,adjusted_edge_jaccard,div_tp,div_fp,div_fn,div_jaccard,weight,missed_gt_nodes,spurious_pred_nodes,edges_recovered,edges_fragmented,edges_lost_to_detection,wrong_association_edges,stem,config,safe_divisions_added
46,3,4,0.8679245283018868,25624,25755.0,0.8683659886521393,0,0,0,0.0,53,3,25575,46,2,2,0,44b6_0113de3b,base,53
48,2,1,0.9411764705882353,20707,32795.0,0.9758675551330458,0,1,0,0.0,51,0,20656,48,1,0,0,44b6_0b24845f,base,26
828,19,17,0.9583333333333334,6152,6362.0,0.9614966467567851,0,0,0,0.0,864,5,5296,828,11,6,0,6bba_05b6850b,base,10
1097,120,86,0.841903300076746,70266,69800.0,0.8413412270999039,0,1,3,0.0,1303,15,69052,1097,65,21,0,6bba_05db0fb1,base,35
746,33,27,0.9255583126550868,44960,58672.0,0.9471891682303638,0,0,1,0.0,806,6,44178,746,19,8,0,44b6_12dfb391,base,24
252,31,25,0.8181818181818182,22261,19130.0,0.8047906667300291,0,0,1,0.0,308,5,21986,252,17,8,0,44b6_267148e4,base,27
198,21,12,0.8571428571428571,40146,56367.0,0.8818092652996053,1,1,0,0.5,231,0,39932,198,12,0,0,44b6_2a2eff9f,base,40
207,0,2,0.9904306220095693,8413,7436.0,0.9774175677101697,1,0,0,1.0,209,2,8199,207,0,2,0,44b6_341df25f,base,11
887,7,11,0.980110497237569,5853,6030.0,0.9829874384981172,1,0,0,1.0,905,6,4929,887,5,6,0,6bba_062c8d37,base,4
306,20,39,0.8383561643835616,29190,21485.0,0.8082908432452077,0,0,2,0.0,365,26,28857,306,7,32,0,6bba_07e24132,base,6
1162,2,6,0.9931623931623932,8293,8463.0,0.9951574021052929,0,0,1,0.0,1170,5,7100,1162,0,6,0,6bba_085bf656,base,4
1777,132,94,0.8871692461308038,29753,31117.0,0.8910581134757357,0,0,4,0.0,2003,13,27816,1777,77,17,0,6bba_09961292,base,24
48,0,2,0.96,25650,25755.0,0.960391380314502,0,0,0,0.0,50,3,25601,48,0,2,0,44b6_0113de3b,no_relink,49
48,1,1,0.96,20491,32795.0,0.9960171977435585,0,0,0,0.0,50,0,20440,48,1,0,0,44b6_0b24845f,no_relink,29
829,16,16,0.9628339140534262,6106,6362.0,0.9667082536007019,0,0,0,0.0,861,5,5250,829,10,6,0,6bba_05b6850b,no_relink,10
1104,76,79,0.8768864177918984,69754,69800.0,0.8769442068681426,0,1,3,0.0,1259,26,68551,1104,46,33,0,6bba_05db0fb1,no_relink,46
737,33,36,0.9143920595533499,44821,58672.0,0.9359785819437124,0,0,1,0.0,806,10,44043,737,24,12,0,44b6_12dfb391,no_relink,32
260,19,17,0.8783783783783784,22315,19130.0,0.8637540441643944,1,0,0,1.0,296,4,22039,260,11,6,0,44b6_267148e4,no_relink,31
198,21,12,0.8571428571428571,39965,56367.0,0.8820845023303908,1,1,0,0.5,231,0,39751,198,12,0,0,44b6_2a2eff9f,no_relink,44
206,0,3,0.9856459330143541,8382,7436.0,0.9731066504345857,0,0,1,0.0,209,2,8168,206,1,2,0,44b6_341df25f,no_relink,12
897,1,1,0.9977753058954394,5901,6030.0,0.999909850082181,1,0,0,1.0,899,0,4971,897,1,0,1,6bba_062c8d37,no_relink,6
310,17,35,0.856353591160221,29076,21485.0,0.8260972257401733,0,0,2,0.0,362,25,28742,310,4,31,0,6bba_07e24132,no_relink,10
1162,2,6,0.9931623931623932,8264,8463.0,0.9954977271602583,0,0,1,0.0,1170,5,7071,1162,0,6,0,6bba_085bf656,no_relink,4
1795,91,76,0.9148827726809379,29659,31117.0,0.9191694940312248,1,0,3,0.25,1962,13,27722,1795,58,18,0,6bba_09961292,no_relink,30
46,3,4,0.8679245283018868,25624,25755.0,0.8683659886521393,0,0,0,0.0,53,3,25575,46,2,2,0,44b6_0113de3b,no_linefit,53
48,2,1,0.9411764705882353,20707,32795.0,0.9758675551330458,0,1,0,0.0,51,0,20656,48,1,0,0,44b6_0b24845f,no_linefit,26
830,15,15,0.9651162790697675,6152,6362.0,0.9683019819714439,0,0,0,0.0,860,5,5296,830,9,6,0,6bba_05b6850b,no_linefit,10
1092,127,91,0.833587786259542,70266,69800.0,0.8330312649008071,0,1,3,0.0,1310,16,69053,1092,69,22,0,6bba_05db0fb1,no_linefit,35
741,45,32,0.9058679706601467,44960,58672.0,0.9270386510761746,0,0,1,0.0,818,5,44177,741,24,8,0,44b6_12dfb391,no_linefit,24
250,33,27,0.8064516129032258,22261,19130.0,0.7932524492858708,0,0,1,0.0,310,6,21987,250,18,9,0,44b6_267148e4,no_linefit,27
197,23,13,0.8454935622317596,40146,56367.0,0.8698247330816565,1,1,0,0.5,233,0,39932,197,13,0,0,44b6_2a2eff9f,no_linefit,40
207,0,2,0.9904306220095693,8413,7436.0,0.9774175677101697,1,0,0,1.0,209,2,8199,207,0,2,0,44b6_341df25f,no_linefit,11
887,7,11,0.980110497237569,5853,6030.0,0.9829874384981172,1,0,0,1.0,905,6,4929,887,5,6,0,6bba_062c8d37,no_linefit,4
303,23,42,0.8233695652173914,29190,21485.0,0.7938416969371959,0,0,2,0.0,368,28,28859,303,10,32,0,6bba_07e24132,no_linefit,6
1160,3,8,0.9906063193851409,8293,8463.0,0.9925961938303196,0,0,1,0.0,1171,6,7101,1160,0,8,1,6bba_085bf656,no_linefit,4
1777,130,94,0.888055972013993,29753,31117.0,0.8919487262828079,0,0,4,0.0,2001,13,27816,1777,76,18,0,6bba_09961292,no_linefit,24
46,3,4,0.8679245283018868,25628,25755.0,0.8683525089467882,0,0,0,0.0,53,3,25579,46,2,2,0,44b6_0113de3b,relaxed_all_dc0.40,60
47,2,2,0.9215686274509803,20678,32795.0,0.9556184736434594,0,0,0,0.0,51,0,20627,47,2,0,0,44b6_0b24845f,relaxed_all_dc0.40,0
828,21,17,0.9561200923787528,6163,6362.0,0.959110785531588,0,2,0,0.0,866,5,5307,828,11,6,0,6bba_05b6850b,relaxed_all_dc0.40,14
1097,119,86,0.8425499231950845,70252,69800.0,0.8420043178006946,0,0,3,0.0,1302,15,69038,1097,65,21,0,6bba_05db0fb1,relaxed_all_dc0.40,3
748,31,25,0.9303482587064676,44964,58672.0,0.9520847155007618,0,1,1,0.0,804,6,44182,748,17,8,0,44b6_12dfb391,relaxed_all_dc0.40,50
252,31,25,0.8181818181818182,22249,19130.0,0.8048419902105213,0,0,1,0.0,308,5,21974,252,17,8,0,44b6_267148e4,relaxed_all_dc0.40,12
197,21,13,0.8528138528138528,40132,56367.0,0.8773768646832674,0,0,1,0.0,231,0,39918,197,13,0,0,44b6_2a2eff9f,relaxed_all_dc0.40,2
206,0,3,0.9856459330143541,8432,7436.0,0.9724438976555282,0,0,1,0.0,209,2,8218,206,1,2,0,44b6_341df25f,relaxed_all_dc0.40,20
888,9,10,0.9790518191841234,5859,6030.0,0.981828234790765,1,3,0,0.25,907,6,4935,888,4,6,0,6bba_062c8d37,relaxed_all_dc0.40,22
306,20,39,0.8383561643835616,29183,21485.0,0.8083181576187273,0,0,2,0.0,365,26,28850,306,7,32,0,6bba_07e24132,relaxed_all_dc0.40,2
1162,3,6,0.9923142613151152,8297,8463.0,0.9942606652779926,0,1,1,0.0,1171,5,7104,1162,0,6,0,6bba_085bf656,relaxed_all_dc0.40,11
1782,134,89,0.8887780548628429,29746,31117.0,0.8926939680717543,0,7,4,0.0,2005,13,27809,1782,72,17,0,6bba_09961292,relaxed_all_dc0.40,42
