config,overrides,all_proxy,all_adj,all_divJ,all_div,44b6_proxy,44b6_adj,44b6_divJ,44b6_div,6bba_proxy,6bba_adj,6bba_divJ,6bba_div,seconds
nr,"{""OUTPUT_MOTION_RELINK"": false}",0.9576249083688909,0.934095496604185,0.23529411764705882,4/2/11,0.9626742831920491,0.922674283192049,0.4,2/1/2,0.9536415786589567,0.93697491199229,0.16666666666666666,2/1/9,1134
nr_gap45,"{""OUTPUT_MOTION_RELINK"": false, ""GAP_CLOSE_UM"": 4.5}",0.9576326823161997,0.9341032705514938,0.23529411764705882,4/2/11,0.9626898780918516,0.9226898780918515,0.4,2/1/2,0.9536456284551134,0.9369789617884466,0.16666666666666666,2/1/9,1277
nr_gap60,"{""OUTPUT_MOTION_RELINK"": false, ""GAP_CLOSE_UM"": 6.0}",0.9574640984481787,0.9339346866834728,0.23529411764705882,4/2/11,0.9625719390429082,0.9225719390429081,0.4,2/1/2,0.9534655890925111,0.9367989224258444,0.16666666666666666,2/1/9,1857
nr_dcgap035,"{""OUTPUT_MOTION_RELINK"": false, ""DEEPCENTER_GAP_THRESHOLD"": 0.35}",0.9576378399502032,0.9341084281854973,0.23529411764705882,4/2/11,0.9626909219098185,0.9226909219098185,0.4,2/1/2,0.9536518225964276,0.9369851559297608,0.16666666666666666,2/1/9,1521
nr_minlen4,"{""OUTPUT_MOTION_RELINK"": false, ""OUTPUT_MIN_TRACK_LEN"": 4}",0.9560427039565833,0.9325132921918774,0.23529411764705882,4/2/11,0.9609598248636204,0.9209598248636204,0.4,2/1/2,0.9520966951622555,0.9354300284955888,0.16666666666666666,2/1/9,1403
nr_minlen8,"{""OUTPUT_MOTION_RELINK"": false, ""OUTPUT_MIN_TRACK_LEN"": 8}",0.9593599227169177,0.9358305109522118,0.23529411764705882,4/2/11,0.9648239459832024,0.9248239459832024,0.4,2/1/2,0.9552712311841431,0.9386045645174764,0.16666666666666666,2/1/9,1440
nr_sym_off,"{""OUTPUT_MOTION_RELINK"": false, ""SAFE_DIV_SISTER_SYMMETRY_TAU"": 0.0}",0.953461872722829,0.9327722175504152,0.20689655172413793,6/14/9,0.95955656511265,0.92205656511265,0.375,3/4/1,0.9497586113712645,0.9354728970855503,0.14285714285714285,3/10/8,1254
nr_no_mutual_nn,"{""OUTPUT_MOTION_RELINK"": false, ""SAFE_DIV_REQUIRE_MUTUAL_NN"": false}",0.9576240750630673,0.9340946632983614,0.23529411764705882,4/2/11,0.9626701445751239,0.9226701445751239,0.4,2/1/2,0.9536415786589567,0.93697491199229,0.16666666666666666,2/1/9,1266
nr_edgemax12,"{""OUTPUT_MOTION_RELINK"": false, ""OUTPUT_EDGE_MAX_UM"": 12.0}",0.9576519727065819,0.934122560941876,0.23529411764705882,4/2/11,0.9626741599717527,0.9226741599717526,0.4,2/1/2,0.9536754972834918,0.937008830616825,0.16666666666666666,2/1/9,1237
