config,overrides,all_proxy,all_adj,all_divJ,all_div,6bba_proxy,6bba_adj,6bba_divJ,6bba_div,seconds
nr,"{""OUTPUT_MOTION_RELINK"": false}",0.919649659580993,0.901649659580993,0.18,9/14/27,0.919649659580993,0.901649659580993,0.18,9/14/27,764
nr_gap45,"{""OUTPUT_MOTION_RELINK"": false, ""GAP_CLOSE_UM"": 4.5}",0.9193860628808902,0.9013860628808902,0.18,9/14/27,0.9193860628808902,0.9013860628808902,0.18,9/14/27,1000
nr_gap60,"{""OUTPUT_MOTION_RELINK"": false, ""GAP_CLOSE_UM"": 6.0}",0.9196991647885753,0.9016991647885753,0.18,9/14/27,0.9196991647885753,0.9016991647885753,0.18,9/14/27,948
nr_dcgap035,"{""OUTPUT_MOTION_RELINK"": false, ""DEEPCENTER_GAP_THRESHOLD"": 0.35}",0.9196746637241603,0.9016746637241603,0.18,9/14/27,0.9196746637241603,0.9016746637241603,0.18,9/14/27,1215
nr_minlen4,"{""OUTPUT_MOTION_RELINK"": false, ""OUTPUT_MIN_TRACK_LEN"": 4}",0.9195491791212471,0.9015491791212471,0.18,9/14/27,0.9195491791212471,0.9015491791212471,0.18,9/14/27,1154
nr_minlen8,"{""OUTPUT_MOTION_RELINK"": false, ""OUTPUT_MIN_TRACK_LEN"": 8}",0.9126022044574857,0.8946022044574857,0.18,9/14/27,0.9126022044574857,0.8946022044574857,0.18,9/14/27,950
nr_sym_off,"{""OUTPUT_MOTION_RELINK"": false, ""SAFE_DIV_SISTER_SYMMETRY_TAU"": 0.0}",0.9206478032151333,0.9012929645054558,0.1935483870967742,12/26/24,0.9206478032151333,0.9012929645054558,0.1935483870967742,12/26/24,971
nr_no_mutual_nn,"{""OUTPUT_MOTION_RELINK"": false, ""SAFE_DIV_REQUIRE_MUTUAL_NN"": false}",0.9196465146199218,0.9016465146199217,0.18,9/14/27,0.9196465146199218,0.9016465146199217,0.18,9/14/27,918
nr_edgemax12,"{""OUTPUT_MOTION_RELINK"": false, ""OUTPUT_EDGE_MAX_UM"": 12.0}",0.9183798920354763,0.9007328332119469,0.17647058823529413,9/15/27,0.9183798920354763,0.9007328332119469,0.17647058823529413,9/15/27,1064
