config,overrides,all_proxy,all_adj,all_divJ,all_div,6bba_proxy,6bba_adj,6bba_divJ,6bba_div,44b6_proxy,44b6_adj,44b6_divJ,44b6_div,seconds
nr,"{""OUTPUT_MOTION_RELINK"": false}",0.9019990556454486,0.8926240556454486,0.09375,3/8/21,0.8967947686362964,0.8915316107415595,0.05263157894736842,1/5/13,0.9111597285082176,0.8957751131236021,0.15384615384615385,2/3/8,1166
nr_gap45,"{""OUTPUT_MOTION_RELINK"": false, ""GAP_CLOSE_UM"": 4.5}",0.9015491625580736,0.8924582534671646,0.09090909090909091,3/9/21,0.8957203202393912,0.8907203202393912,0.05,1/6/13,0.9128656440215048,0.8974810286368894,0.15384615384615385,2/3/8,1278
nr_gap60,"{""OUTPUT_MOTION_RELINK"": false, ""GAP_CLOSE_UM"": 6.0}",0.9011607571222473,0.8914833377674086,0.0967741935483871,3/7/21,0.8960217453060912,0.8907585874113544,0.05263157894736842,1/5/13,0.9102389716795783,0.8935723050129116,0.16666666666666666,2/2/8,1756
nr_dcgap035,"{""OUTPUT_MOTION_RELINK"": false, ""DEEPCENTER_GAP_THRESHOLD"": 0.35}",0.9025455149409342,0.8931705149409341,0.09375,3/8/21,0.8972253447162793,0.8919621868215425,0.05263157894736842,1/5/13,0.9120414007830226,0.8966567853984073,0.15384615384615385,2/3/8,1545
nr_minlen4,"{""OUTPUT_MOTION_RELINK"": false, ""OUTPUT_MIN_TRACK_LEN"": 4}",0.9022197980778054,0.8928447980778054,0.09375,3/8/21,0.8971686916065681,0.8919055337118312,0.05263157894736842,1/5/13,0.9109393806959087,0.8955547653112933,0.15384615384615385,2/3/8,1397
nr_minlen8,"{""OUTPUT_MOTION_RELINK"": false, ""OUTPUT_MIN_TRACK_LEN"": 8}",0.8979363316789871,0.8885613316789871,0.09375,3/8/21,0.8938662425055592,0.8886030846108224,0.05263157894736842,1/5/13,0.9038257277368469,0.8884411123522314,0.15384615384615385,2/3/8,1439
nr_sym_off,"{""OUTPUT_MOTION_RELINK"": false, ""SAFE_DIV_SISTER_SYMMETRY_TAU"": 0.0}",0.9029066622926435,0.8929066622926435,0.1,5/26/19,0.9031669966020088,0.8931669966020088,0.1,3/16/11,0.9021588836449934,0.8921588836449934,0.1,2/10/8,1259
nr_no_mutual_nn,"{""OUTPUT_MOTION_RELINK"": false, ""SAFE_DIV_REQUIRE_MUTUAL_NN"": false}",0.9016108664669736,0.8925199573760646,0.09090909090909091,3/9/21,0.8963915977505788,0.8913915977505787,0.05,1/6/13,0.9111597285082176,0.8957751131236021,0.15384615384615385,2/3/8,1259
nr_edgemax12,"{""OUTPUT_MOTION_RELINK"": false, ""OUTPUT_EDGE_MAX_UM"": 12.0}",0.9018567857305979,0.8924817857305979,0.09375,3/8/21,0.8966032364156604,0.8913400785209236,0.05263157894736842,1/5/13,0.9111605742470696,0.8957759588624543,0.15384615384615385,2/3/8,1247
