edge_tp,edge_fp,edge_fn,edge_jaccard,t_pred,t_true,adjusted_edge_jaccard,div_tp,div_fp,div_fn,div_jaccard,weight,missed_gt_nodes,spurious_pred_nodes,edges_recovered,edges_fragmented,edges_lost_to_detection,wrong_association_edges,stem,config,safe_divisions_added
886,26,32,0.9385593220338984,25225,23965.0,0.9336246892537493,0,2,5,0.0,944,12,24302,886,15,17,0,6bba_48816121,diverge_0.0,64
594,22,32,0.9166666666666666,5578,6054.0,0.9238740226847263,0,0,4,0.0,648,16,4940,594,14,18,4,6bba_afb141ff,diverge_0.0,20
1315,48,33,0.9419770773638968,28285,29785.0,0.9467209605804349,1,3,3,0.14285714285714285,1396,0,26866,1315,33,0,2,6bba_cdcfe533,diverge_0.0,94
690,37,39,0.9007832898172323,11869,11807.0,0.9003102775027692,1,0,3,0.25,766,6,11109,690,33,6,3,6bba_debd7bfa,diverge_0.0,43
645,8,9,0.974320241691843,22040,19239.0,0.9601351437294808,1,1,3,0.2,662,3,21375,645,4,5,0,6bba_df673a83,diverge_0.0,43
944,35,54,0.9138431752178122,8093,8314.0,0.9162723229412082,1,3,2,0.16666666666666666,1033,27,7084,944,24,30,3,6bba_12665c0e,diverge_0.0,21
836,43,73,0.8781512605042017,9964,9758.0,0.8762974056193495,0,6,3,0.0,952,52,9064,836,19,54,3,6bba_20852818,diverge_0.0,32
651,28,38,0.9079497907949791,20229,17637.0,0.8946062184315353,1,4,2,0.14285714285714285,717,19,19542,651,12,26,0,6bba_4ffd3da3,diverge_0.0,53
1288,362,304,0.6591606960081884,77779,65511.0,0.646816840138749,0,7,3,0.0,1954,99,76219,1288,173,131,0,6bba_57b7cc1e,diverge_0.0,172
1138,8,7,0.986990459670425,7941,8570.0,0.9942345320056957,3,1,0,0.75,1153,2,6769,1138,4,3,0,6bba_5c039895,diverge_0.0,14
885,25,33,0.9384941675503712,25219,23965.0,0.9335833739509213,0,0,5,0.0,943,12,24296,885,16,17,0,6bba_48816121,no_mutual_nn,34
594,22,32,0.9166666666666666,5561,6054.0,0.9241314282567998,0,0,4,0.0,648,16,4923,594,14,18,4,6bba_afb141ff,no_mutual_nn,9
1316,46,32,0.9440459110473458,28284,29785.0,0.9488033826353333,1,2,3,0.16666666666666666,1394,0,26865,1316,32,0,2,6bba_cdcfe533,no_mutual_nn,54
690,37,39,0.9007832898172323,11843,11807.0,0.9005086375056085,1,0,3,0.25,766,6,11083,690,33,6,3,6bba_debd7bfa,no_mutual_nn,26
645,7,9,0.9757942511346445,22035,19239.0,0.9616130529113871,1,0,3,0.25,661,3,21370,645,4,5,0,6bba_df673a83,no_mutual_nn,22
943,33,55,0.9146459747817652,8088,8314.0,0.9171322628537003,0,1,3,0.0,1031,27,7079,943,25,30,3,6bba_12665c0e,no_mutual_nn,8
836,40,73,0.880927291886196,9955,9758.0,0.8791488262528533,0,3,3,0.0,949,52,9055,836,19,54,3,6bba_20852818,no_mutual_nn,16
650,26,39,0.9090909090909091,20220,17637.0,0.8957769565015695,1,3,2,0.16666666666666666,715,19,19533,650,13,26,0,6bba_4ffd3da3,no_mutual_nn,36
1286,357,306,0.6598255515649051,77736,65511.0,0.6475125547126498,0,1,3,0.0,1949,99,76176,1286,175,131,0,6bba_57b7cc1e,no_mutual_nn,69
1138,8,7,0.986990459670425,7941,8570.0,0.9942345320056957,3,1,0,0.75,1153,2,6769,1138,4,3,0,6bba_5c039895,no_mutual_nn,9
